"","sr_pc","lr_pc","sr_ps","lr_ps","lrsr_diff"
"1",0.0671350472861982,0.0484181355246101,-0.0219009138819494,-0.0157870520529647,-0.38656820546249
