"","sr_pc","lr_pc","sr_ps","lr_ps","lrsr_diff"
"1",-3.67363276731091e-17,-1.83681638365545e-17,1.0649675886072e-17,5.32483794303587e-18,-1.00000000000001
