"","sr_pc","lr_pc","sr_ps","lr_ps","lrsr_diff"
"1",0.0990618987961403,0.0714439421818513,-0.0323161475617305,-0.0232947678164579,-0.386568206776596
